date,combined_equity
2017-08-17,1.0
2017-08-18,1.0
2017-08-19,1.0
2017-08-20,1.0
2017-08-21,1.0
2017-08-22,1.0
2017-08-23,1.0
2017-08-24,1.0
2017-08-25,1.0
2017-08-26,1.0
2017-08-27,1.0
2017-08-28,1.0
2017-08-29,1.0
2017-08-30,1.0
2017-08-31,1.0
2017-09-01,1.0
2017-09-02,1.0
2017-09-03,1.0
2017-09-04,1.0
2017-09-05,1.0
2017-09-06,1.0
2017-09-07,1.0
2017-09-08,1.0
2017-09-09,1.0
2017-09-10,1.0
2017-09-11,1.0
2017-09-12,1.0
2017-09-13,1.0
2017-09-14,1.0
2017-09-15,1.0
2017-09-16,1.0
2017-09-17,1.0
2017-09-18,1.0
2017-09-19,1.0
2017-09-20,1.0
2017-09-21,1.0
2017-09-22,1.0
2017-09-23,1.0
2017-09-24,1.0
2017-09-25,1.0
2017-09-26,1.0
2017-09-27,1.0
2017-09-28,1.0
2017-09-29,1.0
2017-09-30,1.0
2017-10-01,1.0
2017-10-02,1.0
2017-10-03,1.0
2017-10-04,1.0
2017-10-05,1.0
2017-10-06,1.0
2017-10-07,1.0
2017-10-08,1.0
2017-10-09,1.0
2017-10-10,1.0
2017-10-11,1.0
2017-10-12,1.0
2017-10-13,1.0
2017-10-14,1.0
2017-10-15,1.0
2017-10-16,1.0
2017-10-17,1.0
2017-10-18,1.0
2017-10-19,1.0
2017-10-20,1.0
2017-10-21,1.0
2017-10-22,1.0
2017-10-23,1.0
2017-10-24,1.0
2017-10-25,1.0
2017-10-26,1.0
2017-10-27,1.0
2017-10-28,1.0
2017-10-29,1.0
2017-10-30,1.0
2017-10-31,1.0
2017-11-01,1.0
2017-11-02,1.0
2017-11-03,1.0
2017-11-04,1.0
2017-11-05,1.0
2017-11-06,1.0
2017-11-07,1.0
2017-11-08,1.0
2017-11-09,1.0
2017-11-10,1.0
2017-11-11,1.0
2017-11-12,1.0
2017-11-13,1.0
2017-11-14,1.0
2017-11-15,1.0100825449689472
2017-11-16,1.0212895277114722
2017-11-17,1.0182326875556038
2017-11-18,1.02573143582006
2017-11-19,1.0337532919819825
2017-11-20,1.0423438810759291
2017-11-21,1.0385025650430375
2017-11-22,1.0477050680329478
2017-11-23,1.0544548210573383
2017-11-24,1.083019714427382
2017-11-25,1.0900782966071914
2017-11-26,1.0981362574863067
2017-11-27,1.1113642400729158
2017-11-28,1.1132290255183093
2017-11-29,1.0911164409317797
2017-11-30,1.0961808542868492
2017-12-01,1.1254595324329024
2017-12-02,1.1274185219963466
2017-12-03,1.1334358763762973
2017-12-04,1.1434484091553343
2017-12-05,1.13964952242255
2017-12-06,1.1556031003575131
2017-12-07,1.208065547870202
2017-12-08,1.210216161590818
2017-12-09,1.1955898314133475
2017-12-10,1.1864430596350308
2017-12-11,1.2501914578726048
2017-12-12,1.2919601988157865
2017-12-13,1.3127651574836472
2017-12-14,1.3163989018957234
2017-12-15,1.3359064246223353
2017-12-16,1.367038925338163
2017-12-17,1.3729753428731473
2017-12-18,1.4044774994227605
2017-12-19,1.3824143084396903
2017-12-20,1.3648096692045764
2017-12-21,1.3438089038372687
2017-12-22,1.244621564303476
2017-12-23,1.2459534903451757
2017-12-24,1.2568229059246705
2017-12-25,1.256633493069218
2017-12-26,1.2745027403937361
2017-12-27,1.2717459625944958
2017-12-28,1.2592771352132934
2017-12-29,1.2637240645013659
2017-12-30,1.2442830677529884
2017-12-31,1.2592382177284804
2018-01-01,1.2594688574171544
2018-01-02,1.280204322509652
2018-01-03,1.291256986035191
2018-01-04,1.2929173166054304
2018-01-05,1.3080872824445064
2018-01-06,1.314175607840881
2018-01-07,1.322149426696821
2018-01-08,1.3149094995486874
2018-01-09,1.3303427558524872
2018-01-10,1.3285240456300254
2018-01-11,1.3043339375104601
2018-01-12,1.3214441160065373
2018-01-13,1.340635435246769
2018-01-14,1.3307647454463614
2018-01-15,1.3221341633908805
2018-01-16,1.262464917098671
2018-01-17,1.2630990473384878
2018-01-18,1.2621914581504736
2018-01-19,1.2704496656959425
2018-01-20,1.294262476273373
2018-01-21,1.2728117473363714
2018-01-22,1.260630181846032
2018-01-23,1.2593581397823588
2018-01-24,1.2729584062244137
2018-01-25,1.2711760504756253
2018-01-26,1.2699047880187633
2018-01-27,1.2808861391135462
2018-01-28,1.2995328599790437
2018-01-29,1.2860966194132843
2018-01-30,1.267937999210552
2018-01-31,1.2729692617966863
2018-02-01,1.2555055000904733
2018-02-02,1.2387171421799223
2018-02-03,1.2468638426830863
2018-02-04,1.239359228582864
2018-02-05,1.2171493088789684
2018-02-06,1.2164979826050524
2018-02-07,1.214733609270204
2018-02-08,1.2151825896928745
2018-02-09,1.2136625627476132
2018-02-10,1.2129741556715863
2018-02-11,1.2144906513630995
2018-02-12,1.2101219352929484
2018-02-13,1.2119995579362621
2018-02-14,1.208676274751714
2018-02-15,1.2032009108370958
2018-02-16,1.2033205136676628
2018-02-17,1.1995641828787695
2018-02-18,1.1989994533610477
2018-02-19,1.195685196310537
2018-02-20,1.1901098205833145
2018-02-21,1.1914877982181893
2018-02-22,1.1930211566756153
2018-02-23,1.1953132195741238
2018-02-24,1.1969775272014707
2018-02-25,1.1984606715233417
2018-02-26,1.1953877755168474
2018-02-27,1.1937180140008707
2018-02-28,1.1939983150490205
2018-03-01,1.1910873319442667
2018-03-02,1.1888225836977107
2018-03-03,1.1855491783638725
2018-03-04,1.186168922199569
2018-03-05,1.1850451793547294
2018-03-06,1.187205605185982
2018-03-07,1.1873901809781358
2018-03-08,1.187119824699328
2018-03-09,1.1901303576918703
2018-03-10,1.1895423274603387
2018-03-11,1.1875192080111914
2018-03-12,1.1883470404539735
2018-03-13,1.1875269805619513
2018-03-14,1.1874649370817612
2018-03-15,1.1868029382812255
2018-03-16,1.1857334798614119
2018-03-17,1.1888217156162637
2018-03-18,1.1890005464921676
2018-03-19,1.180497329565414
2018-03-20,1.1780979876810367
2018-03-21,1.1777022917645306
2018-03-22,1.184142288437842
2018-03-23,1.1819645819111932
2018-03-24,1.1908103377351384
2018-03-25,1.1904448030730386
2018-03-26,1.2034791459776397
2018-03-27,1.2159295160085548
2018-03-28,1.2161949764469289
2018-03-29,1.2469744412848738
2018-03-30,1.248722901620212
2018-03-31,1.2469719513098618
2018-04-01,1.252904398236266
2018-04-02,1.2472407582472722
2018-04-03,1.2335175658338522
2018-04-04,1.253290361958309
2018-04-05,1.252871694067514
2018-04-06,1.2589327880501282
2018-04-07,1.2499678921703212
2018-04-08,1.2437047397988505
2018-04-09,1.2477550936368476
2018-04-10,1.242275135068115
2018-04-11,1.2368697280670387
2018-04-12,1.203376638772258
2018-04-13,1.2042625396344462
2018-04-14,1.200257507995759
2018-04-15,1.1860899677340146
2018-04-16,1.19682277526908
2018-04-17,1.2021265859421302
2018-04-18,1.1911276404308992
2018-04-19,1.1780719646190834
2018-04-20,1.1555146478203784
2018-04-21,1.1578772294551094
2018-04-22,1.1556068235648564
2018-04-23,1.14670660225587
2018-04-24,1.1278971603929855
2018-04-25,1.1066059026140356
2018-04-26,1.1100007831923158
2018-04-27,1.1031274674123601
2018-04-28,1.1141739032849816
2018-04-29,1.1162150007993605
2018-04-30,1.1111516550491274
2018-05-01,1.1092590701137681
2018-05-02,1.1138367183148303
2018-05-03,1.1333550822433458
2018-05-04,1.1339739348458258
2018-05-05,1.1407772313293485
2018-05-06,1.1345649412363545
2018-05-07,1.1248060707852132
2018-05-08,1.1221718646100656
2018-05-09,1.124041221233081
2018-05-10,1.116002758373066
2018-05-11,1.1040342730271338
2018-05-12,1.1059722108932775
2018-05-13,1.1157970677835953
2018-05-14,1.1153223724689068
2018-05-15,1.1090309576436455
2018-05-16,1.1073304364473557
2018-05-17,1.0973689369164936
2018-05-18,1.1039766509353166
2018-05-19,1.1045444199262813
2018-05-20,1.1116549976930123
2018-05-21,1.1066342842663617
2018-05-22,1.0924501977267753
2018-05-23,1.0731609665060535
2018-05-24,1.0762539563385851
2018-05-25,1.0755758154445927
2018-05-26,1.0781368059366674
2018-05-27,1.0750964192563415
2018-05-28,1.0688290698321357
2018-05-29,1.0720623460320167
2018-05-30,1.071863526933007
2018-05-31,1.0735538340587738
2018-06-01,1.07305353103453
2018-06-02,1.0728908560378934
2018-06-03,1.0768249806704882
2018-06-04,1.0760026477939924
2018-06-05,1.076622354392818
2018-06-06,1.0756304445772005
2018-06-07,1.074559574696027
2018-06-08,1.075102468489008
2018-06-09,1.0762560093551754
2018-06-10,1.077926913140105
2018-06-11,1.0772014420647305
2018-06-12,1.0767947817208214
2018-06-13,1.0758764016799747
2018-06-14,1.058448810691722
2018-06-15,1.0710585198009177
2018-06-16,1.0669218075890843
2018-06-17,1.067517476588066
2018-06-18,1.0572313505045088
2018-06-19,1.0518462073085937
2018-06-20,1.0517929941949424
2018-06-21,1.0551270350255912
2018-06-22,1.0840753937737242
2018-06-23,1.0792448625187843
2018-06-24,1.0840683459353446
2018-06-25,1.0807233683055648
2018-06-26,1.0914194170794995
2018-06-27,1.0871994635124227
2018-06-28,1.0979721589330131
2018-06-29,1.0875570237723389
2018-06-30,1.079051480505325
2018-07-01,1.080198618602989
2018-07-02,1.0691985489244291
2018-07-03,1.0747043064294062
2018-07-04,1.072969192674344
2018-07-05,1.0740649983893795
2018-07-06,1.0717049355063917
2018-07-07,1.064908670990494
2018-07-08,1.0655873615240634
2018-07-09,1.07027973085901
2018-07-10,1.0875656194481187
2018-07-11,1.082813799486265
2018-07-12,1.0888855821318015
2018-07-13,1.0893441712247784
2018-07-14,1.0883628143163175
2018-07-15,1.082203619396116
2018-07-16,1.0673329374427771
2018-07-17,1.0504714408890317
2018-07-18,1.053831814855338
2018-07-19,1.0547532455195765
2018-07-20,1.0620079820575716
2018-07-21,1.0581001032810413
2018-07-22,1.0588423028530727
2018-07-23,1.0541190313817834
2018-07-24,1.048519324526158
2018-07-25,1.0549409756518113
2018-07-26,1.0627442678383798
2018-07-27,1.055350293639492
2018-07-28,1.0549315696028467
2018-07-29,1.0561260003141717
2018-07-30,1.0601003408497625
2018-07-31,1.076083402640439
2018-08-01,1.0822452252259092
2018-08-02,1.0868727720596536
2018-08-03,1.0866289922617192
2018-08-04,1.0975534710150932
2018-08-05,1.096776531038874
2018-08-06,1.0995700469453475
2018-08-07,1.112303858950733
2018-08-08,1.127726117729039
2018-08-09,1.120654160907638
2018-08-10,1.1379916232291771
2018-08-11,1.1409132973891896
2018-08-12,1.1394378401363991
2018-08-13,1.151599603164772
2018-08-14,1.1544262755585837
2018-08-15,1.1520823016059916
2018-08-16,1.1492996391012862
2018-08-17,1.1344327198048876
2018-08-18,1.1456422891634634
2018-08-19,1.1422634987954776
2018-08-20,1.1557390438240267
2018-08-21,1.1481010906895057
2018-08-22,1.1536761518542502
2018-08-23,1.1489518458556902
2018-08-24,1.1443633874984913
2018-08-25,1.14457386730972
2018-08-26,1.146251784892255
2018-08-27,1.138041781503503
2018-08-28,1.1324346239853242
2018-08-29,1.1355427154707691
2018-08-30,1.1378610581729758
2018-08-31,1.1381726666516936
2018-09-01,1.1300467449579585
2018-09-02,1.1282496783569451
2018-09-03,1.127285269124879
2018-09-04,1.1316693528428134
2018-09-05,1.1392960806608645
2018-09-06,1.1344086443303545
2018-09-07,1.138305334577202
2018-09-08,1.1419340743031179
2018-09-09,1.1439298928803514
2018-09-10,1.1447673291579759
2018-09-11,1.149963623501845
2018-09-12,1.1519747619795262
2018-09-13,1.1426301127932295
2018-09-14,1.14324376917827
2018-09-15,1.138321834929064
2018-09-16,1.1386078692079102
2018-09-17,1.1437152361737415
2018-09-18,1.140192116763659
2018-09-19,1.1407607710851537
2018-09-20,1.136503081810172
2018-09-21,1.1317832438874411
2018-09-22,1.1340690046409665
2018-09-23,1.132074357297858
2018-09-24,1.1367419008012134
2018-09-25,1.1374897826446393
2018-09-26,1.1403457784489277
2018-09-27,1.1388202266775567
2018-09-28,1.1409280906306576
2018-09-29,1.1354336590638527
2018-09-30,1.1355382918709587
2018-10-01,1.1358029625670207
2018-10-02,1.1365206342927572
2018-10-03,1.138446599241294
2018-10-04,1.139567540741103
2018-10-05,1.1378957662171862
2018-10-06,1.1382959146373568
2018-10-07,1.138451899619227
2018-10-08,1.1380222024308717
2018-10-09,1.1383835196888468
2018-10-10,1.1385477554014136
2018-10-11,1.1459555340216778
2018-10-12,1.144521370657012
2018-10-13,1.1433250048537786
2018-10-14,1.143030185239562
2018-10-15,1.1413632188373848
2018-10-16,1.1404211828287882
2018-10-17,1.1426590016669134
2018-10-18,1.1512637641412127
2018-10-19,1.1552213136709768
2018-10-20,1.1512294628233666
2018-10-21,1.1514464504215225
2018-10-22,1.1522971730313185
2018-10-23,1.153802712031844
2018-10-24,1.1537139470311242
2018-10-25,1.1559535598064885
2018-10-26,1.1549340409808915
2018-10-27,1.1563952642337367
2018-10-28,1.156585998615339
2018-10-29,1.1669453634286322
2018-10-30,1.1672164452967158
2018-10-31,1.1648232212768859
2018-11-01,1.162685729538285
2018-11-02,1.1602755499372295
2018-11-03,1.1632540402008875
2018-11-04,1.1520390362873778
2018-11-05,1.1535818747112616
2018-11-06,1.145195628043547
2018-11-07,1.1442260867687895
2018-11-08,1.151800744362185
2018-11-09,1.1552179487233616
2018-11-10,1.1531292510957205
2018-11-11,1.1530124726432955
2018-11-12,1.1526682942246746
2018-11-13,1.1545169772819506
2018-11-14,1.1879391386835172
2018-11-15,1.1958606215245664
2018-11-16,1.2041719789934402
2018-11-17,1.2055905054526144
2018-11-18,1.2025907951136245
2018-11-19,1.247356438359125
2018-11-20,1.2707905389278802
2018-11-21,1.2643222856758927
2018-11-22,1.2821109873197853
2018-11-23,1.2814066742791925
2018-11-24,1.298052321253945
2018-11-25,1.2877561709775756
2018-11-26,1.297245928690681
2018-11-27,1.2958681658039937
2018-11-28,1.2661988366286379
2018-11-29,1.2713565279833714
2018-11-30,1.2865578010075973
2018-12-01,1.2752444347087915
2018-12-02,1.2783247647635692
2018-12-03,1.2989734540205822
2018-12-04,1.2948688756709736
2018-12-05,1.3111331099332229
2018-12-06,1.3362008642847991
2018-12-07,1.337577431555444
2018-12-08,1.3407369672007294
2018-12-09,1.3318888877467363
2018-12-10,1.3405042259418054
2018-12-11,1.3452806914129858
2018-12-12,1.340685682614391
2018-12-13,1.3501033811684242
2018-12-14,1.356327095723373
2018-12-15,1.3568800521773041
2018-12-16,1.3550595859644798
2018-12-17,1.3322956590670718
2018-12-18,1.3185877846092757
2018-12-19,1.3203615450914852
2018-12-20,1.2858282602067903
2018-12-21,1.3020850991872608
2018-12-22,1.2881933445230205
2018-12-23,1.2711007924188633
2018-12-24,1.2523819013166437
2018-12-25,1.2709630374238188
2018-12-26,1.26830284749474
2018-12-27,1.289110936877553
2018-12-28,1.2610579174865149
2018-12-29,1.268539339273619
2018-12-30,1.2604528529423344
2018-12-31,1.2694343688614773
2019-01-01,1.2595409651444762
2019-01-02,1.246574269907737
2019-01-03,1.2547777709992873
2019-01-04,1.2491495462613431
2019-01-05,1.2492462353203115
2019-01-06,1.2479499081327345
2019-01-07,1.2521283628110522
2019-01-08,1.254328003261085
2019-01-09,1.2534811425135224
2019-01-10,1.2869211762053918
2019-01-11,1.2865846022360108
2019-01-12,1.288341372790911
2019-01-13,1.299921119817551
2019-01-14,1.2837556619929225
2019-01-15,1.2930978609250925
2019-01-16,1.289550411090814
2019-01-17,1.288579688998361
2019-01-18,1.291336157083694
2019-01-19,1.2858517291677378
2019-01-20,1.294836354901168
2019-01-21,1.296818069647291
2019-01-22,1.293360056110178
2019-01-23,1.295171765066287
2019-01-24,1.2945777347153662
2019-01-25,1.2957944215062132
2019-01-26,1.2956067262318962
2019-01-27,1.2988580200779425
2019-01-28,1.3086580548772782
2019-01-29,1.310395554962056
2019-01-30,1.3054543757204833
2019-01-31,1.3078866621465721
2019-02-01,1.3065906262532052
2019-02-02,1.3019407076068275
2019-02-03,1.303372423761002
2019-02-04,1.3026576949005237
2019-02-05,1.3029521872887813
2019-02-06,1.3095833519567113
2019-02-07,1.3098766706719838
2019-02-08,1.273956221550084
2019-02-09,1.2738706898893863
2019-02-10,1.2666206701251213
2019-02-11,1.2732439091971572
2019-02-12,1.2715142564495205
2019-02-13,1.2729685374938455
2019-02-14,1.2753047600369256
2019-02-15,1.2734448109663732
2019-02-16,1.271864040112074
2019-02-17,1.2543375577349485
2019-02-18,1.255438891247259
2019-02-19,1.2515920355909067
2019-02-20,1.2538925909789032
2019-02-21,1.2525067645416836
2019-02-22,1.2529817392540474
2019-02-23,1.2547312666598134
2019-02-24,1.194183400194254
2019-02-25,1.2012468495010356
2019-02-26,1.1979851161203943
2019-02-27,1.1968033370897917
2019-02-28,1.1970129250022628
2019-03-01,1.1974713838147575
2019-03-02,1.1935320551761488
2019-03-03,1.190212716993769
2019-03-04,1.178610429946815
2019-03-05,1.2012007191003806
2019-03-06,1.2023462876575826
2019-03-07,1.2021542170100727
2019-03-08,1.1971927760985779
2019-03-09,1.2064057197558715
2019-03-10,1.2024358568623397
2019-03-11,1.1963796008120813
2019-03-12,1.1981922214883725
2019-03-13,1.194690210734242
2019-03-14,1.1960235951495215
2019-03-15,1.2044274250871978
2019-03-16,1.2146880026435116
2019-03-17,1.2103109189952557
2019-03-18,1.209180207765477
2019-03-19,1.2119412567108032
2019-03-20,1.214006723544721
2019-03-21,1.205054304943185
2019-03-22,1.206929798033277
2019-03-23,1.2097055110834738
2019-03-24,1.2073543871786712
2019-03-25,1.2015397776679322
2019-03-26,1.2024622883680238
2019-03-27,1.2143487880912112
2019-03-28,1.2116373102890425
2019-03-29,1.22295439638569
2019-03-30,1.222599032844894
2019-03-31,1.2203715164868139
2019-04-01,1.2222173701159127
2019-04-02,1.3025085301514596
2019-04-03,1.2998968742852823
2019-04-04,1.293048554899289
2019-04-05,1.313065207363586
2019-04-06,1.3165228061041556
2019-04-07,1.3328369366229316
2019-04-08,1.3443263482173724
2019-04-09,1.3327824470646752
2019-04-10,1.3440744700856089
2019-04-11,1.306880331804559
2019-04-12,1.3063954652928529
2019-04-13,1.3058925904854026
2019-04-14,1.3176378089844292
2019-04-15,1.2991401612867972
2019-04-16,1.3157135039728387
2019-04-17,1.317627105241
2019-04-18,1.3346682071077094
2019-04-19,1.3333304704845261
2019-04-20,1.3351297120328787
2019-04-21,1.3253195650719949
2019-04-22,1.3331546000669698
2019-04-23,1.3359810121951583
2019-04-24,1.3242752257949664
2019-04-25,1.2967758844031425
2019-04-26,1.3068757315633315
2019-04-27,1.30879029445176
2019-04-28,1.3064155479345625
2019-04-29,1.2982717935192234
2019-04-30,1.3147225518140473
2019-05-01,1.3140318372390545
2019-05-02,1.321610570153519
2019-05-03,1.345080722678199
2019-05-04,1.3388518606767617
2019-05-05,1.3354153954891872
2019-05-06,1.3537248529660961
2019-05-07,1.3502329273770466
2019-05-08,1.3591686193843868
2019-05-09,1.3681994681504737
2019-05-10,1.3740908028972652
2019-05-11,1.4274943555736328
2019-05-12,1.4200731967659221
2019-05-13,1.464453606314983
2019-05-14,1.5006391734227518
2019-05-15,1.5556450191971565
2019-05-16,1.5668987974504207
2019-05-17,1.5173282395498964
2019-05-18,1.5011589616855014
2019-05-19,1.5636101665561681
2019-05-20,1.54447597387525
2019-05-21,1.5479953039499368
2019-05-22,1.5260764224596395
2019-05-23,1.5336230159206967
2019-05-24,1.5430404953838979
2019-05-25,1.546687133448085
2019-05-26,1.5837581272392574
2019-05-27,1.5965413726070765
2019-05-28,1.5961353794132598
2019-05-29,1.5909915806227857
2019-05-30,1.5597884915975047
2019-05-31,1.587116126280231
2019-06-01,1.5816251464717117
2019-06-02,1.5932995645040562
2019-06-03,1.5487535228144145
2019-06-04,1.5244387528080945
2019-06-05,1.5330894971705546
2019-06-06,1.5379208964169662
2019-06-07,1.5433311423917313
2019-06-08,1.5328919983288816
2019-06-09,1.5076748382631424
2019-06-10,1.54010947322059
2019-06-11,1.5341602329511277
2019-06-12,1.56541272946165
2019-06-13,1.558528600567121
2019-06-14,1.5818716357066123
2019-06-15,1.5940622379940708
2019-06-16,1.5979575991826913
2019-06-17,1.6158856304792524
2019-06-18,1.5970666203602968
2019-06-19,1.6069646122111725
2019-06-20,1.6135230737728607
2019-06-21,1.6538071346835261
2019-06-22,1.6856142554293514
2019-06-23,1.6883271798188786
2019-06-24,1.6955442379162762
2019-06-25,1.7232421291457585
2019-06-26,1.7791774396318154
2019-06-27,1.6902612160318264
2019-06-28,1.701976491520148
2019-06-29,1.7014617290597964
2019-06-30,1.6629441562290346
2019-07-01,1.6619038455356145
2019-07-02,1.66157325051367
2019-07-03,1.686814115016445
2019-07-04,1.6574640373098213
2019-07-05,1.6595324299588077
2019-07-06,1.664461136098918
2019-07-07,1.6825672187777294
2019-07-08,1.7016400873206132
2019-07-09,1.7016732413609748
2019-07-10,1.6776944691867635
2019-07-11,1.6466369648197183
2019-07-12,1.658441128738537
2019-07-13,1.6469783425786044
2019-07-14,1.6040636447982535
2019-07-15,1.6153099235087556
2019-07-16,1.5748517188604476
2019-07-17,1.5863821664049027
2019-07-18,1.6105464550248039
2019-07-19,1.6053208707714832
2019-07-20,1.6138853911030393
2019-07-21,1.609759638071114
2019-07-22,1.6007283224560878
2019-07-23,1.5903831502043344
2019-07-24,1.5915546961670126
2019-07-25,1.5951928312482972
2019-07-26,1.594157146729351
2019-07-27,1.581193013994096
2019-07-28,1.5851128857163608
2019-07-29,1.5841190951687825
2019-07-30,1.5841784577658653
2019-07-31,1.597598549199832
2019-08-01,1.6007678353742527
2019-08-02,1.6034505169370803
2019-08-03,1.6108142538971297
2019-08-04,1.6121981529902456
2019-08-05,1.633313088849675
2019-08-06,1.623285469962998
2019-08-07,1.6302968613648148
2019-08-08,1.627406276473867
2019-08-09,1.6181838296287134
2019-08-10,1.6071364450679086
2019-08-11,1.6135298769548054
2019-08-12,1.607961559544385
2019-08-13,1.599068435785317
2019-08-14,1.5732241849680797
2019-08-15,1.5780944936411236
2019-08-16,1.5734182816340876
2019-08-17,1.5703993073688416
2019-08-18,1.560817535964008
2019-08-19,1.5614215465252343
2019-08-20,1.5659475056355374
2019-08-21,1.5667171863133573
2019-08-22,1.5622484188812846
2019-08-23,1.5626803636851097
2019-08-24,1.5625388653517553
2019-08-25,1.5678843239783338
2019-08-26,1.5692232083233517
2019-08-27,1.5677384067621847
2019-08-28,1.5777116434353928
2019-08-29,1.5789163784131373
2019-08-30,1.5810942310689513
2019-08-31,1.5772158085678283
2019-09-01,1.5807138682855315
2019-09-02,1.5822481002362214
2019-09-03,1.5862274739446438
2019-09-04,1.5905320720840037
2019-09-05,1.5917290890884712
2019-09-06,1.5930008522147439
2019-09-07,1.5848509735348657
2019-09-08,1.5789575145104282
2019-09-09,1.578407130493275
2019-09-10,1.575711437719331
2019-09-11,1.5787360542563424
2019-09-12,1.5801583938087367
2019-09-13,1.5785719086622745
2019-09-14,1.5692551466249873
2019-09-15,1.5675182901764868
2019-09-16,1.5561352218267777
2019-09-17,1.5354130896369107
2019-09-18,1.5317948061992852
2019-09-19,1.5202839419394307
2019-09-20,1.5218201820944963
2019-09-21,1.5224725660599687
2019-09-22,1.528236866495356
2019-09-23,1.5353528722312029
2019-09-24,1.5810055746888882
2019-09-25,1.577610551199249
2019-09-26,1.593764154050971
2019-09-27,1.5801232846836017
2019-09-28,1.579892260024046
2019-09-29,1.5900343009748013
2019-09-30,1.5676186579156677
2019-10-01,1.5742828047565038
2019-10-02,1.5663131165501385
2019-10-03,1.577582141049044
2019-10-04,1.57904491157814
2019-10-05,1.5784590066197892
2019-10-06,1.5945525521253479
2019-10-07,1.5718721459102574
2019-10-08,1.5715411526342364
2019-10-09,1.5442250574566432
2019-10-10,1.546232316281971
2019-10-11,1.568705071386571
2019-10-12,1.5688220593370716
2019-10-13,1.56786257917926
2019-10-14,1.5582266010628885
2019-10-15,1.5719549839870939
2019-10-16,1.5847747440175861
2019-10-17,1.5789282064826797
2019-10-18,1.5883571247227528
2019-10-19,1.589564094539956
2019-10-20,1.5769103285474861
2019-10-21,1.5793001776487616
2019-10-22,1.5881911786741203
2019-10-23,1.6161695899504698
2019-10-24,1.6203463371483735
2019-10-25,1.5558971897257954
2019-10-26,1.5333653451197926
2019-10-27,1.521451411397755
2019-10-28,1.5274186192511112
2019-10-29,1.5126644244771656
2019-10-30,1.526752603534188
2019-10-31,1.5281770511569928
2019-11-01,1.5254530745005526
2019-11-02,1.5241521343889897
2019-11-03,1.527794699441444
2019-11-04,1.5186171759179805
2019-11-05,1.5168827682461448
2019-11-06,1.5132877409868963
2019-11-07,1.5212247739551232
2019-11-08,1.5341164290960783
2019-11-09,1.531991015641624
2019-11-10,1.5222653090310159
2019-11-11,1.5335006108331468
2019-11-12,1.5291082397097884
2019-11-13,1.5288466684498747
2019-11-14,1.535410499343178
2019-11-15,1.5449770926188893
2019-11-16,1.5417485828539785
2019-11-17,1.5397822922328963
2019-11-18,1.5531599787973458
2019-11-19,1.5569846530897649
2019-11-20,1.5591922645915854
2019-11-21,1.5854842789074133
2019-11-22,1.6067364823602381
2019-11-23,1.6031043788708974
2019-11-24,1.6259037564576722
2019-11-25,1.614708302948122
2019-11-26,1.6116023303993574
2019-11-27,1.5979948853055328
2019-11-28,1.6021451211139777
2019-11-29,1.5907674015980442
2019-11-30,1.5987731363062325
2019-12-01,1.6027404766726294
2019-12-02,1.6072657512116666
2019-12-03,1.6090594336226092
2019-12-04,1.6132775690996402
2019-12-05,1.60590879097004
2019-12-06,1.6049045643924413
2019-12-07,1.6079960154562798
2019-12-08,1.6064758003254973
2019-12-09,1.6189879319593263
2019-12-10,1.6269148600978625
2019-12-11,1.6316256470050297
2019-12-12,1.6292476565188438
2019-12-13,1.6270426949726549
2019-12-14,1.6403481247002483
2019-12-15,1.636950294948711
2019-12-16,1.6644056486218135
2019-12-17,1.695599001206658
2019-12-18,1.6493558200169307
2019-12-19,1.6632744349350168
2019-12-20,1.6616482309283358
2019-12-21,1.6660838755011427
2019-12-22,1.6420193788707862
2019-12-23,1.6573903254296556
2019-12-24,1.6598611599248416
2019-12-25,1.6669454837557836
2019-12-26,1.6661071890700963
2019-12-27,1.662702325407076
2019-12-28,1.6568323275224452
2019-12-29,1.6420481667233644
2019-12-30,1.6528718140573093
2019-12-31,1.6595005113434327
2020-01-01,1.6561937747733617
2020-01-02,1.6721695354923485
2020-01-03,1.643743571595573
2020-01-04,1.6436769976695016
2020-01-05,1.6412524356824396
2020-01-06,1.608943616435229
2020-01-07,1.5965346272948358
2020-01-08,1.592046209295516
2020-01-09,1.605355558217327
2020-01-10,1.5795822636232413
2020-01-11,1.5899732316479422
2020-01-12,1.5767062415263955
2020-01-13,1.5847768390512118
2020-01-14,1.5223465298412417
2020-01-15,1.5216142417899285
2020-01-16,1.521577991912118
2020-01-17,1.5199998219570938
2020-01-18,1.5152448173735977
2020-01-19,1.518227697127744
2020-01-20,1.5166760966633555
2020-01-21,1.5160389902870435
2020-01-22,1.5163129468075052
2020-01-23,1.5153812534353048
2020-01-24,1.5165338623491282
2020-01-25,1.5165710052369827
2020-01-26,1.5148899682006638
2020-01-27,1.5196007245328715
2020-01-28,1.5248451348099104
2020-01-29,1.525212793733055
2020-01-30,1.5206481551392452
2020-01-31,1.5111200583453708
2020-02-01,1.5161687702641646
2020-02-02,1.5205825202347738
2020-02-03,1.5210930265959424
2020-02-04,1.5178258428732074
2020-02-05,1.5456254475430065
2020-02-06,1.5606888786422246
2020-02-07,1.5737034452944467
2020-02-08,1.5753752333824902
2020-02-09,1.5881281549563822
2020-02-10,1.5741216508259006
2020-02-11,1.5995783868900912
2020-02-12,1.6364654191964036
2020-02-13,1.6371305482473573
2020-02-14,1.659851456544363
2020-02-15,1.6250619850749102
2020-02-16,1.6182428142136263
2020-02-17,1.6236787534815433
2020-02-18,1.6524243403526464
2020-02-19,1.6098031519472333
2020-02-20,1.6081065476116172
2020-02-21,1.619915858636841
2020-02-22,1.6148969501099677
2020-02-23,1.637190684407614
2020-02-24,1.6259475062624233
2020-02-25,1.5933103086336755
2020-02-26,1.5518113067332702
2020-02-27,1.557491747034554
2020-02-28,1.552361265301451
2020-02-29,1.5359878533144484
2020-03-01,1.536945479307318
2020-03-02,1.5651967043683688
2020-03-03,1.5510089908732745
2020-03-04,1.5511464628453289
2020-03-05,1.5651402073660081
2020-03-06,1.586963692569654
2020-03-07,1.5705564680971495
2020-03-08,1.500245920409208
2020-03-09,1.500707009243467
2020-03-10,1.4972295291284716
2020-03-11,1.4977344162024964
2020-03-12,1.410280072426584
2020-03-13,1.3978652943627894
2020-03-14,1.3988006940049869
2020-03-15,1.396480290942062
2020-03-16,1.3957164162341842
2020-03-17,1.3935144385663585
2020-03-18,1.3934033987761139
2020-03-19,1.390965539644542
2020-03-20,1.3891945822513256
2020-03-21,1.38904193739305
2020-03-22,1.388169289631467
2020-03-23,1.387617819173339
2020-03-24,1.385876551769441
2020-03-25,1.385515384595013
2020-03-26,1.3859439329585013
2020-03-27,1.3866440591597506
2020-03-28,1.387757309308185
2020-03-29,1.3884878607996995
2020-03-30,1.38661112911131
2020-03-31,1.3867459290725592
2020-04-01,1.385686732532465
2020-04-02,1.386670958670384
2020-04-03,1.387308427026964
2020-04-04,1.387306396301415
2020-04-05,1.3875326813294735
2020-04-06,1.3948356257923165
2020-04-07,1.3931551334611898
2020-04-08,1.3953278274980314
2020-04-09,1.3944946073403455
2020-04-10,1.3935552286202424
2020-04-11,1.3936067780356924
2020-04-12,1.3934453443072106
2020-04-13,1.3930786615474675
2020-04-14,1.393746180383654
2020-04-15,1.3937036947479815
2020-04-16,1.3976493908863419
2020-04-17,1.3976912666460537
2020-04-18,1.403033531604454
2020-04-19,1.400993032586956
2020-04-20,1.3995542164194483
2020-04-21,1.3996499506841884
2020-04-22,1.402168141151463
2020-04-23,1.396093059322559
2020-04-24,1.397189417229379
2020-04-25,1.4016135406624217
2020-04-26,1.400474136366951
2020-04-27,1.3977342576796237
2020-04-28,1.3984949686895054
2020-04-29,1.3991596886548354
2020-04-30,1.394960619133041
2020-05-01,1.395577238367729
2020-05-02,1.394209292230809
2020-05-03,1.392555123006723
2020-05-04,1.3903273455041854
2020-05-05,1.3864460443403
2020-05-06,1.3790870175929477
2020-05-07,1.379608420079344
2020-05-08,1.375950573843867
2020-05-09,1.3706169253301566
2020-05-10,1.3435057435796853
2020-05-11,1.3392975998978924
2020-05-12,1.3467737395696742
2020-05-13,1.3631137697811306
2020-05-14,1.3743629982827061
2020-05-15,1.3595155423398384
2020-05-16,1.3650397455422176
2020-05-17,1.3753558145082732
2020-05-18,1.3825193482593812
2020-05-19,1.382976904073113
2020-05-20,1.3747957177387657
2020-05-21,1.3582991714891501
2020-05-22,1.3668409771002596
2020-05-23,1.3663998630477696
2020-05-24,1.3532047743287587
2020-05-25,1.3596595121226756
2020-05-26,1.3560695723849627
2020-05-27,1.3681616444986955
2020-05-28,1.3839699899207025
2020-05-29,1.3817652658611341
2020-05-30,1.4045526539404638
2020-05-31,1.3907213009782202
2020-06-01,1.4168322554100543
2020-06-02,1.3967638342079773
2020-06-03,1.398881645407672
2020-06-04,1.3999647486174562
2020-06-05,1.3945921867938869
2020-06-06,1.3968581415022834
2020-06-07,1.4002902139760023
2020-06-08,1.4023270846363312
2020-06-09,1.4001372838436483
2020-06-10,1.4051782986977233
2020-06-11,1.3813009061121209
2020-06-12,1.3899694591292104
2020-06-13,1.390547142037543
2020-06-14,1.383346397914739
2020-06-15,1.3840854892394596
2020-06-16,1.389260432465766
2020-06-17,1.3870651969144343
2020-06-18,1.3837198900945742
2020-06-19,1.3806397049965118
2020-06-20,1.3801026293821854
2020-06-21,1.3779948512925186
2020-06-22,1.39854282644921
2020-06-23,1.3971825567585272
2020-06-24,1.3831278470853214
2020-06-25,1.3804506723443084
2020-06-26,1.3762597985677676
2020-06-27,1.3617104136921792
2020-06-28,1.3682977002217054
2020-06-29,1.3731999506023778
2020-06-30,1.3695090856931769
2020-07-01,1.3773385909810152
2020-07-02,1.3692525494825842
2020-07-03,1.366926872261458
2020-07-04,1.3732326289354557
2020-07-05,1.3700358419926828
2020-07-06,1.3911361598547862
2020-07-07,1.3868347627191189
2020-07-08,1.3988873892720775
2020-07-09,1.3890249754756632
2020-07-10,1.389518013189241
2020-07-11,1.3860966440769171
2020-07-12,1.391467853454675
2020-07-13,1.3866192973625646
2020-07-14,1.3879157204403907
2020-07-15,1.384660694051544
2020-07-16,1.377868410899962
2020-07-17,1.3773756935883603
2020-07-18,1.3809222631000941
2020-07-19,1.3854482220653668
2020-07-20,1.3810697491582737
2020-07-21,1.3964060170917592
2020-07-22,1.4185738369418188
2020-07-23,1.4327712163543143
2020-07-24,1.4353886475256816
2020-07-25,1.4667892291665239
2020-07-26,1.4780883068301578
2020-07-27,1.5144167353805296
2020-07-28,1.506151173579524
2020-07-29,1.5115209395238052
2020-07-30,1.5297324796248344
2020-07-31,1.5412808516323322
2020-08-01,1.596410363393403
2020-08-02,1.5495712080257853
2020-08-03,1.5671530862616785
2020-08-04,1.570449081022085
2020-08-05,1.5942361344163525
2020-08-06,1.588294677933147
2020-08-07,1.5839447039940404
2020-08-08,1.6009600098424375
2020-08-09,1.5940160522857663
2020-08-10,1.602606263641245
2020-08-11,1.579306481782051
2020-08-12,1.5892320566104954
2020-08-13,1.6221894905504064
2020-08-14,1.6320410215806036
2020-08-15,1.62964837852367
2020-08-16,1.6319024809223905
2020-08-17,1.6378568607360966
2020-08-18,1.6238046717746037
2020-08-19,1.6087083079840778
2020-08-20,1.617272721009856
2020-08-21,1.5891151996856263
2020-08-22,1.5974713545837687
2020-08-23,1.5937205071688325
2020-08-24,1.6087363816782523
2020-08-25,1.5806854153894987
2020-08-26,1.585964928303624
2020-08-27,1.5812020014354764
2020-08-28,1.594424577224421
2020-08-29,1.5957810987311523
2020-08-30,1.624028695483621
2020-08-31,1.6263643912474288
2020-09-01,1.6637700183736546
2020-09-02,1.6250316615066531
2020-09-03,1.5530903832796445
2020-09-04,1.5621212908316546
2020-09-05,1.5154572086792948
2020-09-06,1.526538265454846
2020-09-07,1.529277758099236
2020-09-08,1.5158942861260583
2020-09-09,1.5247826127934578
2020-09-10,1.5360659558420091
2020-09-11,1.5400645610372923
2020-09-12,1.548530504951902
2020-09-13,1.5351946379483128
2020-09-14,1.547524206004248
2020-09-15,1.5429334490565079
2020-09-16,1.5468299281089493
2020-09-17,1.5592578771589247
2020-09-18,1.5565228750346987
2020-09-19,1.559894519347371
2020-09-20,1.5492679497907274
2020-09-21,1.5232141738183471
2020-09-22,1.5274607821940487
2020-09-23,1.5094372224179988
2020-09-24,1.534055119147006
2020-09-25,1.5346159498343743
2020-09-26,1.5364955916356582
2020-09-27,1.539271641481467
2020-09-28,1.5358722792811093
2020-09-29,1.541790484447652
2020-09-30,1.5405441257455388
2020-10-01,1.533763515098657
2020-10-02,1.5289981949726696
2020-10-03,1.5286194311791133
2020-10-04,1.5344542202804243
2020-10-05,1.537600166478855
2020-10-06,1.5270373843467293
2020-10-07,1.528795922941359
2020-10-08,1.5388465099380033
2020-10-09,1.5486995168979338
2020-10-10,1.5563930993863373
2020-10-11,1.5598038795704436
2020-10-12,1.569433269140859
2020-10-13,1.5644310731553945
2020-10-14,1.5625966566778082
2020-10-15,1.5648704633453314
2020-10-16,1.558323530584409
2020-10-17,1.5573844974996363
2020-10-18,1.5541575330184971
2020-10-19,1.561242183917928
2020-10-20,1.575022822972477
2020-10-21,1.5856812393881428
2020-10-22,1.5817894470089806
2020-10-23,1.576655345395405
2020-10-24,1.5850607109039085
2020-10-25,1.5776146387331116
2020-10-26,1.5682548259996345
2020-10-27,1.5954489699274061
2020-10-28,1.5719363978889254
2020-10-29,1.5772305976136043
2020-10-30,1.5717693011994212
2020-10-31,1.5828742436464192
2020-11-01,1.5914956031307501
2020-11-02,1.5718252454527046
2020-11-03,1.5917339978524587
2020-11-04,1.6093377220821066
2020-11-05,1.669469316599233
2020-11-06,1.7059284204144411
2020-11-07,1.6618565002946857
2020-11-08,1.7010249136501066
2020-11-09,1.6869153431835033
2020-11-10,1.6915516909085704
2020-11-11,1.7160400763485464
2020-11-12,1.7350544777727333
2020-11-13,1.7491568412726246
2020-11-14,1.7264796847354278
2020-11-15,1.7107918435481093
2020-11-16,1.7469810146764844
2020-11-17,1.7978600103600755
2020-11-18,1.7981314238123913
2020-11-19,1.792280140343315
2020-11-20,1.8563479243703762
2020-11-21,1.8975153587735667
2020-11-22,1.8953507492583843
2020-11-23,1.9393847107683044
2020-11-24,1.9348901434232213
2020-11-25,1.894856571044309
2020-11-26,1.8278126956603238
2020-11-27,1.8265931984962442
2020-11-28,1.8524798651494734
2020-11-29,1.8954383253761098
2020-11-30,1.9546834740627173
2020-12-01,1.9120530300355312
2020-12-02,1.9291781407108126
2020-12-03,1.9500450957006508
2020-12-04,1.8935311691553212
2020-12-05,1.9282948356874814
2020-12-06,1.935738323528962
2020-12-07,1.9233897810605258
2020-12-08,1.8773734359537977
2020-12-09,1.8974715974492082
2020-12-10,1.8924400708986486
2020-12-11,1.8832817953604446
2020-12-12,1.9040572772162871
2020-12-13,1.9186908322831202
2020-12-14,1.9182416715126904
2020-12-15,1.9213916275059806
2020-12-16,1.9686570654759867
2020-12-17,1.9916512696250748
2020-12-18,2.0006920943906037
2020-12-19,2.012546236627276
2020-12-20,1.999087245529342
2020-12-21,1.9759119929193087
2020-12-22,2.0033955708111844
2020-12-23,1.9739944025028817
2020-12-24,1.992175643738617
2020-12-25,2.0121457298846637
2020-12-26,2.04178641685286
2020-12-27,2.058664267590296
2020-12-28,2.088845379956555
2020-12-29,2.0938346044803886
2020-12-30,2.123346067998785
2020-12-31,2.1174601408100306
2021-01-01,2.120105932452808
2021-01-02,2.1794394984742196
2021-01-03,2.276011004855659
2021-01-04,2.2880227982127677
2021-01-05,2.340019006611624
2021-01-06,2.384678325582205
2021-01-07,2.4128109940271774
2021-01-08,2.4186921035329743
2021-01-09,2.4393692505806506
2021-01-10,2.4148166075518196
2021-01-11,2.297162427331025
2021-01-12,2.2721076558578592
2021-01-13,2.3290227611030443
2021-01-14,2.384080129484418
2021-01-15,2.340647234769063
2021-01-16,2.3600436953704382
2021-01-17,2.360783714029705
2021-01-18,2.377347066035843
2021-01-19,2.416647053330996
2021-01-20,2.4129299973134706
2021-01-21,2.336512810626769
2021-01-22,2.3205722670852382
2021-01-23,2.3157364392714483
2021-01-24,2.340390286764785
2021-01-25,2.3292675207605202
2021-01-26,2.3376342294851225
2021-01-27,2.3067611792738805
2021-01-28,2.3373692540031614
2021-01-29,2.349841740296819
2021-01-30,2.349687296514197
2021-01-31,2.333268582452851
2021-02-01,2.344902017305272
2021-02-02,2.3764497270395837
2021-02-03,2.4114303766183127
2021-02-04,2.3973051513874544
2021-02-05,2.4233953926099154
2021-02-06,2.4221533570465468
2021-02-07,2.410298573064132
2021-02-08,2.474194814002061
2021-02-09,2.477275577023523
2021-02-10,2.463846310666912
2021-02-11,2.4885781273344936
2021-02-12,2.492801063586637
2021-02-13,2.4882762105580936
2021-02-14,2.4942533886455065
2021-02-15,2.4872977530549627
2021-02-16,2.494689902622515
2021-02-17,2.52184315755179
2021-02-18,2.531936562014413
2021-02-19,2.5591005581088586
2021-02-20,2.5524889097325945
2021-02-21,2.564496329682118
2021-02-22,2.5223448891117655
2021-02-23,2.4629747085118314
2021-02-24,2.4742230513067063
2021-02-25,2.438303496453644
2021-02-26,2.4282278675929456
2021-02-27,2.42926598366243
2021-02-28,2.417930567799377
2021-03-01,2.465758815307584
2021-03-02,2.4468620741324276
2021-03-03,2.4697926528254692
2021-03-04,2.4686767935371083
2021-03-05,2.4683030795245138
2021-03-06,2.491096796128061
2021-03-07,2.5138411779563987
2021-03-08,2.539339271659996
2021-03-09,2.556866837257447
2021-03-10,2.547264380439457
2021-03-11,2.5610643177294725
2021-03-12,2.5478334027470733
2021-03-13,2.5932577445801077
2021-03-14,2.570239656427666
2021-03-15,2.5459123916487565
2021-03-16,2.5535709647548
2021-03-17,2.5655355135268616
2021-03-18,2.5514745686651854
2021-03-19,2.5591230743564104
2021-03-20,2.558885381222821
2021-03-21,2.5514639666901675
2021-03-22,2.5189073599044307
2021-03-23,2.5176600393437516
2021-03-24,2.4932388850121887
2021-03-25,2.4896328525147196
2021-03-26,2.5261912800182915
2021-03-27,2.5320872738923557
2021-03-28,2.5272503729265337
2021-03-29,2.558828664066047
2021-03-30,2.5678998197057723
2021-03-31,2.582251656418795
2021-04-01,2.5910352964855976
2021-04-02,2.62219653597976
2021-04-03,2.591277126075614
2021-04-04,2.6084315381755907
2021-04-05,2.618172110656265
2021-04-06,2.614184252617113
2021-04-07,2.578373499938813
2021-04-08,2.6087685182064133
2021-04-09,2.6065703150557513
2021-04-10,2.6256613683756678
2021-04-11,2.6299145451560273
2021-04-12,2.6268150348979074
2021-04-13,2.672120191502356
2021-04-14,2.670658571545438
2021-04-15,2.685387237860316
2021-04-16,2.658272219669876
2021-04-17,2.6321928984089515
2021-04-18,2.5882782959873514
2021-04-19,2.5726520255128973
2021-04-20,2.6055565851126543
2021-04-21,2.592543905317893
2021-04-22,2.585375436492512
2021-04-23,2.5645970635439888
2021-04-24,2.53185510952951
2021-04-25,2.542472515909995
2021-04-26,2.6120867698236285
2021-04-27,2.6411006594246547
2021-04-28,2.653379379191227
2021-04-29,2.6456966485458953
2021-04-30,2.6774654742285158
2021-05-01,2.706446875547636
2021-05-02,2.6985952917664617
2021-05-03,2.7816412433146027
2021-05-04,2.722136899041105
2021-05-05,2.798795811164921
2021-05-06,2.785773478865793
2021-05-07,2.790611275382715
2021-05-08,2.8721004366844634
2021-05-09,2.8699532316715226
2021-05-10,2.856411688277719
2021-05-11,2.899722432746934
2021-05-12,2.792613739722653
2021-05-13,2.7756453331687165
2021-05-14,2.835344500489257
2021-05-15,2.7434287621662623
2021-05-16,2.712224756643
2021-05-17,2.6772983482161856
2021-05-18,2.695830788555004
2021-05-19,2.4864079698237873
2021-05-20,2.491148874613085
2021-05-21,2.483089328000524
2021-05-22,2.4724070277064296
2021-05-23,2.4719276207954968
2021-05-24,2.491045389285919
2021-05-25,2.4974000506800076
2021-05-26,2.505742368475702
2021-05-27,2.4990440014079294
2021-05-28,2.489521587346431
2021-05-29,2.4851870422419737
2021-05-30,2.487766261584162
2021-05-31,2.502719002659524
2021-06-01,2.500356538664271
2021-06-02,2.501181938235577
2021-06-03,2.503742273147485
2021-06-04,2.5036119155414127
2021-06-05,2.50564683044353
2021-06-06,2.5102688333570127
2021-06-07,2.512701410621786
2021-06-08,2.5074901918388868
2021-06-09,2.495212327016663
2021-06-10,2.488774273161192
2021-06-11,2.4772044398695
2021-06-12,2.487144645925718
2021-06-13,2.480019620676299
2021-06-14,2.477792976898219
2021-06-15,2.476959000878414
2021-06-16,2.473214181620714
2021-06-17,2.474852801439887
2021-06-18,2.4760515513936188
2021-06-19,2.472743276143112
2021-06-20,2.4777968605182465
2021-06-21,2.4717951901372297
2021-06-22,2.4669412005014295
2021-06-23,2.4675602920173163
2021-06-24,2.464262065450587
2021-06-25,2.4664432512777035
2021-06-26,2.467287968342254
2021-06-27,2.4623134491061087
2021-06-28,2.4709513257942923
2021-06-29,2.4611267455499806
2021-06-30,2.4540465493367023
2021-07-01,2.483773744203872
2021-07-02,2.476393691992217
2021-07-03,2.4621562744433
2021-07-04,2.4470137070304125
2021-07-05,2.472113827038095
2021-07-06,2.4540384635957713
2021-07-07,2.4570755147253664
2021-07-08,2.4867542534236544
2021-07-09,2.477028882228413
2021-07-10,2.483289769459536
2021-07-11,2.47487671187743
2021-07-12,2.4951893434805887
2021-07-13,2.508126545272756
2021-07-14,2.5012271327272693
2021-07-15,2.5160977802635
2021-07-16,2.5243668094257927
2021-07-17,2.520769252231398
2021-07-18,2.519993151293028
2021-07-19,2.534606230536793
2021-07-20,2.5452849948823033
2021-07-21,2.505555995411366
2021-07-22,2.5012477505885
2021-07-23,2.4808569646066063
2021-07-24,2.469749237167206
2021-07-25,2.4617923129886625
2021-07-26,2.4338596928369367
2021-07-27,2.4061402793633606
2021-07-28,2.4010493460022313
2021-07-29,2.391572681047255
2021-07-30,2.369658023849454
2021-07-31,2.367332855332805
2021-08-01,2.367025172926252
2021-08-02,2.365166926640243
2021-08-03,2.3860648074682165
2021-08-04,2.344272294443694
2021-08-05,2.3212507414557533
2021-08-06,2.29967054435895
2021-08-07,2.318293712848338
2021-08-08,2.3066250967338453
2021-08-09,2.3054554596310495
2021-08-10,2.2991702514671424
2021-08-11,2.3009256869152717
2021-08-12,2.280099563655983
2021-08-13,2.335016031466517
2021-08-14,2.3232377591919935
2021-08-15,2.327837134670258
2021-08-16,2.3018045498920015
2021-08-17,2.2779653698976974
2021-08-18,2.2783620390378134
2021-08-19,2.311853317290505
2021-08-20,2.3404618598219393
2021-08-21,2.329919862740033
2021-08-22,2.334362636011388
2021-08-23,2.3458716659587204
2021-08-24,2.316188609928642
2021-08-25,2.3313127921995873
2021-08-26,2.3016013689167023
2021-08-27,2.3374701828898674
2021-08-28,2.3328964051539685
2021-08-29,2.3295733009732245
2021-08-30,2.3187021066821805
2021-08-31,2.3431589361123555
2021-09-01,2.4014747528521334
2021-09-02,2.3994428109447683
2021-09-03,2.422413168423405
2021-09-04,2.4156273603019693
2021-09-05,2.4352860035391446
2021-09-06,2.438390406931072
2021-09-07,2.342254650791701
2021-09-08,2.344602175427964
2021-09-09,2.3380640122696477
2021-09-10,2.3023753244710377
2021-09-11,2.3114004467702545
2021-09-12,2.33319963902652
2021-09-13,2.312039397314386
2021-09-14,2.3438417738150896
2021-09-15,2.371677528300044
2021-09-16,2.3681540693695364
2021-09-17,2.3500491572496713
2021-09-18,2.3597541709562257
2021-09-19,2.343210951562074
2021-09-20,2.318586096993064
2021-09-21,2.2838853564542565
2021-09-22,2.331469207791203
2021-09-23,2.347070546617915
2021-09-24,2.3126042519649532
2021-09-25,2.311067748172526
2021-09-26,2.3273673770111145
2021-09-27,2.308130996301508
2021-09-28,2.289473230443497
2021-09-29,2.2969865924064408
2021-09-30,2.325922707647322
2021-10-01,2.3828732883867776
2021-10-02,2.3871378779217602
2021-10-03,2.393583633144971
2021-10-04,2.3970471926953807
2021-10-05,2.423616479503246
2021-10-06,2.4536209962606437
2021-10-07,2.4451600051393756
2021-10-08,2.4438758736108603
2021-10-09,2.4513058655505646
2021-10-10,2.434065096036211
2021-10-11,2.4641051752276546
2021-10-12,2.449928532334205
2021-10-13,2.469708810350415
2021-10-14,2.487178703850243
2021-10-15,2.5220050857434217
2021-10-16,2.5132258637689553
2021-10-17,2.5189709953907258
2021-10-18,2.512241416913152
2021-10-19,2.539258765552778
2021-10-20,2.5773842757581518
2021-10-21,2.5429437737749003
2021-10-22,2.5256844780925793
2021-10-23,2.548162193624992
2021-10-24,2.537283728465434
2021-10-25,2.564594412157578
2021-10-26,2.5386939299488454
2021-10-27,2.506494014444264
2021-10-28,2.5550738469221423
2021-10-29,2.5784208558942137
2021-10-30,2.566699916936167
2021-10-31,2.5650276891760715
2021-11-01,2.5662802420857553
2021-11-02,2.6091206091502164
2021-11-03,2.608728497749688
2021-11-04,2.5923240197279065
2021-11-05,2.5833426395967956
2021-11-06,2.5911948534557525
2021-11-07,2.6119091317259393
2021-11-08,2.657737029075532
2021-11-09,2.6461436619459953
2021-11-10,2.622940637540581
2021-11-11,2.6321741897848536
2021-11-12,2.62257104695817
2021-11-13,2.621741272120132
2021-11-14,2.626357135904519
2021-11-15,2.6084948362078872
2021-11-16,2.549392326962126
2021-11-17,2.5595646477867557
2021-11-18,2.5079026256406034
2021-11-19,2.547125354371845
2021-11-20,2.5694822366172754
2021-11-21,2.5464237420261644
2021-11-22,2.5139230057030355
2021-11-23,2.549064670323733
2021-11-24,2.5390884575020367
2021-11-25,2.577490610762715
2021-11-26,2.502405166706228
2021-11-27,2.514392494642408
2021-11-28,2.551750797174021
2021-11-29,2.571166254935995
2021-11-30,2.586424666268277
2021-12-01,2.5826792835725305
2021-12-02,2.570552958941547
2021-12-03,2.5207245658070834
2021-12-04,2.4365926703706746
2021-12-05,2.4446513419091467
2021-12-06,2.463382251484905
2021-12-07,2.460771841808276
2021-12-08,2.4710526773064356
2021-12-09,2.426340289526665
2021-12-10,2.4065582787773785
2021-12-11,2.4356225906631734
2021-12-12,2.442867964203823
2021-12-13,2.394287718253351
2021-12-14,2.410231177112925
2021-12-15,2.4266882019421807
2021-12-16,2.4144512429644145
2021-12-17,2.3988394980759824
2021-12-18,2.4099973856724306
2021-12-19,2.406106809901097
2021-12-20,2.409180867388594
2021-12-21,2.4264179228919023
2021-12-22,2.421766730973368
2021-12-23,2.44583841464054
2021-12-24,2.440266667224696
2021-12-25,2.4419105127604217
2021-12-26,2.4414542085508075
2021-12-27,2.438815384057638
2021-12-28,2.4000519128115343
2021-12-29,2.380169392048427
2021-12-30,2.3905994869894527
2021-12-31,2.382605727712722
2022-01-01,2.3987996573251396
2022-01-02,2.4015479848475825
2022-01-03,2.3914588387442834
2022-01-04,2.3895275342707833
2022-01-05,2.346928771271062
2022-01-06,2.360306773574936
2022-01-07,2.375823053953381
2022-01-08,2.3887349114946823
2022-01-09,2.3790193869980127
2022-01-10,2.387424886943031
2022-01-11,2.3620753761357696
2022-01-12,2.3376291857756253
2022-01-13,2.3632851450138204
2022-01-14,2.351614994710975
2022-01-15,2.3492552211768345
2022-01-16,2.3469235833528836
2022-01-17,2.3696757409701465
2022-01-18,2.374315667414323
2022-01-19,2.3885301715734992
2022-01-20,2.4057552050847573
2022-01-21,2.489162050440479
2022-01-22,2.518013350724475
2022-01-23,2.4941181542782282
2022-01-24,2.502516014215791
2022-01-25,2.4979244080262912
2022-01-26,2.4985960983635866
2022-01-27,2.5003893863208724
2022-01-28,2.4819921068322452
2022-01-29,2.471915843405515
2022-01-30,2.474100089277156
2022-01-31,2.459616685196476
2022-02-01,2.4461562418161056
2022-02-02,2.472541541140216
2022-02-03,2.467593154001452
2022-02-04,2.3995758712150126
2022-02-05,2.399004992832942
2022-02-06,2.3863178901989186
2022-02-07,2.3651047702324126
2022-02-08,2.366219511754212
2022-02-09,2.3488235999552294
2022-02-10,2.375623950472466
2022-02-11,2.401232494890042
2022-02-12,2.4034522633250828
2022-02-13,2.4102942957021876
2022-02-14,2.399715418380468
2022-02-15,2.382879835395927
2022-02-16,2.3940691058727666
2022-02-17,2.4155953131041477
2022-02-18,2.4299915339475673
2022-02-19,2.4308761352600485
2022-02-20,2.455410552778921
2022-02-21,2.4694027582452858
2022-02-22,2.4550052074098274
2022-02-23,2.466731322002941
2022-02-24,2.458305767286813
2022-02-25,2.435843221474971
2022-02-26,2.435419599224787
2022-02-27,2.460270245934862
2022-02-28,2.3960252161551923
2022-03-01,2.379801377089585
2022-03-02,2.385296331603648
2022-03-03,2.4036068625057796
2022-03-04,2.4409430511905015
2022-03-05,2.435484620540824
2022-03-06,2.451522232186972
2022-03-07,2.459576390917861
2022-03-08,2.4475521778690883
2022-03-09,2.4166339084143136
2022-03-10,2.441069352749999
2022-03-11,2.449423020468716
2022-03-12,2.447865556557008
2022-03-13,2.4582430565859124
2022-03-14,2.4415009107618273
2022-03-15,2.440706319130067
2022-03-16,2.4162322443783673
2022-03-17,2.4134998911340686
2022-03-18,2.3968724632611265
2022-03-19,2.393473971275026
2022-03-20,2.4069375834033386
2022-03-21,2.4054499180909703
2022-03-22,2.390817568366622
2022-03-23,2.3817268024280143
2022-03-24,2.368843377371863
2022-03-25,2.3680641926089665
2022-03-26,2.362882194877056
2022-03-27,2.3365058389251265
2022-03-28,2.3340901362755497
2022-03-29,2.3403262051123703
2022-03-30,2.3404733014133234
2022-03-31,2.3362714153108426
2022-04-01,2.352446588254279
2022-04-02,2.3535050671953326
2022-04-03,2.3595294517331844
2022-04-04,2.358378642044144
2022-04-05,2.350834425272767
2022-04-06,2.3350026498873078
2022-04-07,2.340403877554719
2022-04-08,2.3423888855714066
2022-04-09,2.3475068713585836
2022-04-10,2.344088760936683
2022-04-11,2.322174232898429
2022-04-12,2.3345492123270164
2022-04-13,2.3583410348643215
2022-04-14,2.3324727110772976
2022-04-15,2.3408413446306304
2022-04-16,2.3422215933016286
2022-04-17,2.324797622416284
2022-04-18,2.3454214890817076
2022-04-19,2.3588526835845274
2022-04-20,2.3536173370227598
2022-04-21,2.3312819507209386
2022-04-22,2.321059543150356
2022-04-23,2.3140681744812124
2022-04-24,2.312262364077804
2022-04-25,2.3344036087749536
2022-04-26,2.282859006051334
2022-04-27,2.30532810224146
2022-04-28,2.3173707185805856
2022-04-29,2.2883582256061956
2022-04-30,2.2655534771703687
2022-05-01,2.288415072318654
2022-05-02,2.2938886668959557
2022-05-03,2.275044634906094
2022-05-04,2.317484624511497
2022-05-05,2.251682201600363
2022-05-06,2.2414408498325833
2022-05-07,2.255359432745326
2022-05-08,2.2861767005411795
2022-05-09,2.366658699401634
2022-05-10,2.3402405055537887
2022-05-11,2.398287697574735
2022-05-12,2.419449227284349
2022-05-13,2.409188414167609
2022-05-14,2.394917093823529
2022-05-15,2.370092348435134
2022-05-16,2.4020694245986998
2022-05-17,2.386336911802537
2022-05-18,2.429460771291602
2022-05-19,2.39909204890025
2022-05-20,2.4182313008642717
2022-05-21,2.413594193434816
2022-05-22,2.395405562692672
2022-05-23,2.416639627483899
2022-05-24,2.4111595410557096
2022-05-25,2.418140909751948
2022-05-26,2.445712656922215
2022-05-27,2.4611044210548148
2022-05-28,2.447109837592096
2022-05-29,2.4399964242834686
2022-05-30,2.390899044737262
2022-05-31,2.399720065720042
2022-06-01,2.4365143589422233
2022-06-02,2.428548478311128
2022-06-03,2.4444364090796293
2022-06-04,2.4382389237521838
2022-06-05,2.4375142913033683
2022-06-06,2.416749846148842
2022-06-07,2.426444854399019
2022-06-08,2.4375341841245004
2022-06-09,2.438818337729262
2022-06-10,2.4679132595615316
2022-06-11,2.494806882878127
2022-06-12,2.5261443364353084
2022-06-13,2.596757763847245
2022-06-14,2.5997903367810276
2022-06-15,2.594175776529463
2022-06-16,2.615463935091414
2022-06-17,2.6097078815719215
2022-06-18,2.6504099226720954
2022-06-19,2.5972132272402764
2022-06-20,2.5972938880938754
2022-06-21,2.596398343108709
2022-06-22,2.624768743450473
2022-06-23,2.58721682494709
2022-06-24,2.5638756631761033
2022-06-25,2.5564933619031622
2022-06-26,2.5734114321582933
2022-06-27,2.577922199652215
2022-06-28,2.5959914184935142
2022-06-29,2.6096533182911745
2022-06-30,2.619534211597877
2022-07-01,2.6294931300734197
2022-07-02,2.627776635639975
2022-07-03,2.625135419626951
2022-07-04,2.594547732363132
2022-07-05,2.6002516225692935
2022-07-06,2.581396479971019
2022-07-07,2.55644203668001
2022-07-08,2.563185577876182
2022-07-09,2.562398699633831
2022-07-10,2.5833014959493372
2022-07-11,2.612350226650226
2022-07-12,2.634785294164491
2022-07-13,2.6044383403423055
2022-07-14,2.579265967058074
2022-07-15,2.56639260497074
2022-07-16,2.521992485576903
2022-07-17,2.5298603065933576
2022-07-18,2.461036498100225
2022-07-19,2.4575060111658207
2022-07-20,2.4627645178755198
2022-07-21,2.4545092367307646
2022-07-22,2.4660605007065715
2022-07-23,2.4662465926797488
2022-07-24,2.4567291509469493
2022-07-25,2.496072414540949
2022-07-26,2.4939796802005016
2022-07-27,2.4344651305671667
2022-07-28,2.4060114808625146
2022-07-29,2.40740834675507
2022-07-30,2.413208999112416
2022-07-31,2.4208802002444934
2022-08-01,2.4291926214115005
2022-08-02,2.4327040380485556
2022-08-03,2.4370189226153194
2022-08-04,2.4412433190276013
2022-08-05,2.4108367739301384
2022-08-06,2.4231735847650975
2022-08-07,2.4187310683923027
2022-08-08,2.3907018550221104
2022-08-09,2.3882861737643406
2022-08-10,2.4001053689037573
2022-08-11,2.4042771901451174
2022-08-12,2.409714167403973
2022-08-13,2.412946987214119
2022-08-14,2.40760379851558
2022-08-15,2.4049840409668937
2022-08-16,2.404787076506839
2022-08-17,2.4051524724578814
2022-08-18,2.408894083360209
2022-08-19,2.404372630160054
2022-08-20,2.3911659620322716
2022-08-21,2.394094456117392
2022-08-22,2.3967947398422065
2022-08-23,2.402652063489836
2022-08-24,2.4030960066506952
2022-08-25,2.40775109388976
2022-08-26,2.3902379414549526
2022-08-27,2.389701881241587
2022-08-28,2.3840472171878817
2022-08-29,2.397717309997878
2022-08-30,2.3988104452221046
2022-08-31,2.4011842131829493
2022-09-01,2.4060541750163154
2022-09-02,2.406375672343634
2022-09-03,2.404619863522629
2022-09-04,2.4064763124889175
2022-09-05,2.4162163295535493
2022-09-06,2.4183452428666308
2022-09-07,2.4305328705042926
2022-09-08,2.4310012019579768
2022-09-09,2.41211711726426
2022-09-10,2.4182937785336494
2022-09-11,2.414233216332218
2022-09-12,2.396822074513247
2022-09-13,2.402730759031232
2022-09-14,2.4137805288413565
2022-09-15,2.390777186096942
2022-09-16,2.382135769750865
2022-09-17,2.384100191434373
2022-09-18,2.367889295182736
2022-09-19,2.375372605791048
2022-09-20,2.373136300431421
2022-09-21,2.3619446582924564
2022-09-22,2.3663078837828913
2022-09-23,2.3680989943437343
2022-09-24,2.3711874810263103
2022-09-25,2.3678149177348904
2022-09-26,2.3709821287221917
2022-09-27,2.37131788375782
2022-09-28,2.368536618110631
2022-09-29,2.3656192084673195
2022-09-30,2.3665075839304803
2022-10-01,2.364353688742515
2022-10-02,2.3602223218307596
2022-10-03,2.362269264944662
2022-10-04,2.360569268564201
2022-10-05,2.3610976060740816
2022-10-06,2.3639232428116608
2022-10-07,2.365483358483588
2022-10-08,2.3636278399823016
2022-10-09,2.365026095956023
2022-10-10,2.3620994991744566
2022-10-11,2.360930605704196
2022-10-12,2.3627390008202394
2022-10-13,2.3579257800947633
2022-10-14,2.362836918617558
2022-10-15,2.35963964684396
2022-10-16,2.3637473751624887
2022-10-17,2.3652642939828867
2022-10-18,2.363874885168379
2022-10-19,2.361114168090398
2022-10-20,2.359635675155087
2022-10-21,2.35941767626273
2022-10-22,2.361182954249929
2022-10-23,2.360360417072757
2022-10-24,2.3637220598299686
2022-10-25,2.3549994351845096
2022-10-26,2.3557648158727273
2022-10-27,2.3599401425288598
2022-10-28,2.3591084883906412
2022-10-29,2.351009921922061
2022-10-30,2.366443930968272
2022-10-31,2.37670329667148
2022-11-01,2.375067617933067
2022-11-02,2.405477813709246
2022-11-03,2.3995315057076176
2022-11-04,2.3316479445766736
2022-11-05,2.3288815734071124
2022-11-06,2.3368679336977562
2022-11-07,2.328160893762576
2022-11-08,2.3865653011545302
2022-11-09,2.409186715033178
2022-11-10,2.3445529106140888
2022-11-11,2.3541694939074773
2022-11-12,2.3676191661157544
2022-11-13,2.384961924168721
2022-11-14,2.3744450649828575
2022-11-15,2.367856596236162
2022-11-16,2.3826868367305742
2022-11-17,2.3874160753420997
2022-11-18,2.3833948193530716
2022-11-19,2.3817470937598952
2022-11-20,2.411178679466096
2022-11-21,2.428434303947952
2022-11-22,2.4126615630721298
2022-11-23,2.393631061839543
2022-11-24,2.3874727637140083
2022-11-25,2.3898260298080087
2022-11-26,2.388552758483004
2022-11-27,2.392697813514199
2022-11-28,2.4037260318745997
2022-11-29,2.3852258257480914
2022-11-30,2.3513756323988018
2022-12-01,2.359443899670884
2022-12-02,2.3518611293151936
2022-12-03,2.37215181051336
2022-12-04,2.3569346182585456
2022-12-05,2.3650701143371506
2022-12-06,2.3597499653371212
2022-12-07,2.3757496846196413
2022-12-08,2.355265163389236
2022-12-09,2.354841290342867
2022-12-10,2.3558256479898825
2022-12-11,2.3553333551093454
2022-12-12,2.357551358088731
2022-12-13,2.364354109311681
2022-12-14,2.360039720665925
2022-12-15,2.353136788341016
2022-12-16,2.331928053305269
2022-12-17,2.3362914700404973
2022-12-18,2.335521736551184
2022-12-19,2.3345434752556713
2022-12-20,2.343792764099271
2022-12-21,2.342204550651942
2022-12-22,2.343479150066752
2022-12-23,2.3454333073770925
2022-12-24,2.343854005089126
2022-12-25,2.343402961225577
2022-12-26,2.343698521763722
2022-12-27,2.345037512745633
2022-12-28,2.3433277060105833
2022-12-29,2.3438783027103676
2022-12-30,2.344497540144168
2022-12-31,2.3452661283341536
2023-01-01,2.344328146421905
2023-01-02,2.34676327195593
2023-01-03,2.34685982687632
2023-01-04,2.3543741651798253
2023-01-05,2.3532248005658722
2023-01-06,2.355076308543592
2023-01-07,2.3537655903016965
2023-01-08,2.3561356218238965
2023-01-09,2.363707682510098
2023-01-10,2.360508804165423
2023-01-11,2.3635785597330643
2023-01-12,2.3418665916143357
2023-01-13,2.3506775469864687
2023-01-14,2.3575918930952326
2023-01-15,2.3571021656960762
2023-01-16,2.3712459087932523
2023-01-17,2.3667274090211725
2023-01-18,2.3405155622286964
2023-01-19,2.3479809185647214
2023-01-20,2.4428053377624512
2023-01-21,2.427545943483362
2023-01-22,2.4263307589561376
2023-01-23,2.4302387602092796
2023-01-24,2.3847701739069143
2023-01-25,2.425374942052458
2023-01-26,2.41819491971324
2023-01-27,2.417663938681665
2023-01-28,2.402283082234007
2023-01-29,2.458551846092238
2023-01-30,2.3947012401756878
2023-01-31,2.4119105315436182
2023-02-01,2.4566433259615663
2023-02-02,2.4521304497070577
2023-02-03,2.462281828045361
2023-02-04,2.4615873639300454
2023-02-05,2.432122901693338
2023-02-06,2.420177008440261
2023-02-07,2.462300373446647
2023-02-08,2.4447394180097777
2023-02-09,2.3605866780062073
2023-02-10,2.338814632596189
2023-02-11,2.3582100213837487
2023-02-12,2.343258142110458
2023-02-13,2.337692193512808
2023-02-14,2.375176994638032
2023-02-15,2.488114301380403
2023-02-16,2.4498088394069075
2023-02-17,2.504065420684784
2023-02-18,2.5041607575456717
2023-02-19,2.48967161068442
2023-02-20,2.515255737280093
2023-02-21,2.482440635953386
2023-02-22,2.4672668320472915
2023-02-23,2.4661150473631794
2023-02-24,2.4257752273891766
2023-02-25,2.4169968396791126
2023-02-26,2.448593073548043
2023-02-27,2.443312305135679
2023-02-28,2.4227332212507355
2023-03-01,2.4268344777327484
2023-03-02,2.418134096859728
2023-03-03,2.373746370185966
2023-03-04,2.372629240634371
2023-03-05,2.372979896933997
2023-03-06,2.3731699262939014
2023-03-07,2.3688159760257967
2023-03-08,2.347121855726296
2023-03-09,2.3039252600679365
2023-03-10,2.2888641170253017
2023-03-11,2.310476062131863
2023-03-12,2.373395777211472
2023-03-13,2.4386263788226636
2023-03-14,2.4563414214990535
2023-03-15,2.432123345687395
2023-03-16,2.4512111449991143
2023-03-17,2.5289112151781503
2023-03-18,2.5104697081956506
2023-03-19,2.533788914395043
2023-03-20,2.511972989290414
2023-03-21,2.5434701631477474
2023-03-22,2.505993390858181
2023-03-23,2.5509221571579372
2023-03-24,2.514655337063613
2023-03-25,2.5118514470357534
2023-03-26,2.5311359013013957
2023-03-27,2.496951751208305
2023-03-28,2.5208326627905193
2023-03-29,2.5437949954409986
2023-03-30,2.5394888875109016
2023-03-31,2.556256228069942
2023-04-01,2.555800692542887
2023-04-02,2.5418514100831238
2023-04-03,2.542692424332482
2023-04-04,2.5705999955658285
2023-04-05,2.5852316454278874
2023-04-06,2.5695199086064795
2023-04-07,2.564419360499443
2023-04-08,2.559206750196435
2023-04-09,2.5684782861395195
2023-04-10,2.606487731021821
2023-04-11,2.6066919395356916
2023-04-12,2.6127551123384047
2023-04-13,2.6555726101977593
2023-04-14,2.690331025495073
2023-04-15,2.6843392525444925
2023-04-16,2.695145038865694
2023-04-17,2.6658389721696567
2023-04-18,2.6904402412256903
2023-04-19,2.62503978293348
2023-04-20,2.615072349655592
2023-04-21,2.5698544374123036
2023-04-22,2.5864059995538806
2023-04-23,2.5790666672011735
2023-04-24,2.5713530383261833
2023-04-25,2.591098735567379
2023-04-26,2.5927959916143393
2023-04-27,2.6225237455226798
2023-04-28,2.614364590328971
2023-04-29,2.6185859865729064
2023-04-30,2.6064458565962143
2023-05-01,2.5761670193816473
2023-05-02,2.597948934709856
2023-05-03,2.614640142786845
2023-05-04,2.6027444446797205
2023-05-05,2.6503543082028695
2023-05-06,2.60911752046992
2023-05-07,2.5944374181270167
2023-05-08,2.575580885657473
2023-05-09,2.5746340020819973
2023-05-10,2.5723540729096683
2023-05-11,2.5375589815794277
2023-05-12,2.5390336893946985
2023-05-13,2.5347044641753276
2023-05-14,2.5383303716840913
2023-05-15,2.5477925745706886
2023-05-16,2.5483294593130763
2023-05-17,2.5536393294628073
2023-05-18,2.5372171659173652
2023-05-19,2.541990173258614
2023-05-20,2.5478773654988114
2023-05-21,2.537447127833713
2023-05-22,2.5431260254102757
2023-05-23,2.561022349441036
2023-05-24,2.5290688284826492
2023-05-25,2.5332574085229735
2023-05-26,2.5442103742349587
2023-05-27,2.5472829623580653
2023-05-28,2.5923873112245186
2023-05-29,2.5818793846551236
2023-05-30,2.5838000733231286
2023-05-31,2.567238053284206
2023-06-01,2.557064023507596
2023-06-02,2.5785010300192965
2023-06-03,2.570955481299415
2023-06-04,2.571029991896425
2023-06-05,2.5228386933145908
2023-06-06,2.571134934509179
2023-06-07,2.539715524740367
2023-06-08,2.5466730919977953
2023-06-09,2.544624878579869
2023-06-10,2.50548988301649
2023-06-11,2.507248449402469
2023-06-12,2.503607976738853
2023-06-13,2.50327971434624
2023-06-14,2.448324761372123
2023-06-15,2.4331590645711882
2023-06-16,2.3973463026144017
2023-06-17,2.3899680189015338
2023-06-18,2.3960388161741126
2023-06-19,2.3779787955955407
2023-06-20,2.336573209738942
2023-06-21,2.2946550620032
2023-06-22,2.2836348690110233
2023-06-23,2.2682951914120415
2023-06-24,2.275795068834893
2023-06-25,2.2686934329480115
2023-06-26,2.283797804842596
2023-06-27,2.2692502357668403
2023-06-28,2.2959551518231116
2023-06-29,2.284161949564397
2023-06-30,2.2571536978580484
2023-07-01,2.2589727948724594
2023-07-02,2.2543960821954325
2023-07-03,2.2427246834557426
2023-07-04,2.253215792306096
2023-07-05,2.2644631178012125
2023-07-06,2.2919674714189933
2023-07-07,2.279073609754468
2023-07-08,2.2815698788211565
2023-07-09,2.2836930276197145
2023-07-10,2.275255677052369
2023-07-11,2.27369051546835
2023-07-12,2.2783985337152277
2023-07-13,2.2220170659368583
2023-07-14,2.2142577555913605
2023-07-15,2.212574413332713
2023-07-16,2.2104027934976433
2023-07-17,2.1968292955425976
2023-07-18,2.1952336195829947
2023-07-19,2.191892101041095
2023-07-20,2.1940281658826386
2023-07-21,2.1929859914483254
2023-07-22,2.1858938006417197
2023-07-23,2.1900579908151974
2023-07-24,2.1870958758936556
2023-07-25,2.1890403369388363
2023-07-26,2.1924137925824554
2023-07-27,2.1902897347685215
2023-07-28,2.1935344874672302
2023-07-29,2.1951703776904914
2023-07-30,2.189832856601659
2023-07-31,2.1885075342362454
2023-08-01,2.1932123764788587
2023-08-02,2.1712200974485714
2023-08-03,2.1700441773586645
2023-08-04,2.166532256687738
2023-08-05,2.1676895057508343
2023-08-06,2.1660069938944932
2023-08-07,2.168218817534408
2023-08-08,2.1889620739715827
2023-08-09,2.184660146251918
2023-08-10,2.1810443436778977
2023-08-11,2.179227721894467
2023-08-12,2.1796718720262898
2023-08-13,2.1739873595130703
2023-08-14,2.1782392453888635
2023-08-15,2.1679453056832854
2023-08-16,2.151077607747303
2023-08-17,2.1333942764422513
2023-08-18,2.155052067426416
2023-08-19,2.149751018319449
2023-08-20,2.1395111130285267
2023-08-21,2.1504066824559858
2023-08-22,2.1696091003415816
2023-08-23,2.1380222279239267
2023-08-24,2.1529106753409932
2023-08-25,2.1592128956350374
2023-08-26,2.163726135114089
2023-08-27,2.1559397981916724
2023-08-28,2.158476520998422
2023-08-29,2.086483459696325
2023-08-30,2.1076083310999483
2023-08-31,2.1658729381595507
2023-09-01,2.177562777636312
2023-09-02,2.172007033442051
2023-09-03,2.170741879035425
2023-09-04,2.1764046220673414
2023-09-05,2.1748825792261908
2023-09-06,2.1762022105635834
2023-09-07,2.1586573147386074
2023-09-08,2.1715576739742968
2023-09-09,2.172219148175775
2023-09-10,2.183292747154262
2023-09-11,2.23207710393422
2023-09-12,2.1967363281007932
2023-09-13,2.181495547835912
2023-09-14,2.165481211484394
2023-09-15,2.155892524940076
2023-09-16,2.1604335252066207
2023-09-17,2.167580272935482
2023-09-18,2.155367926389376
2023-09-19,2.143378852740871
2023-09-20,2.156432228505152
2023-09-21,2.187961048444685
2023-09-22,2.1827187061086026
2023-09-23,2.1823695751009913
2023-09-24,2.1957628594461447
2023-09-25,2.1905176780124234
2023-09-26,2.1889692375264795
2023-09-27,2.1846894231643788
2023-09-28,2.1429902387199427
2023-09-29,2.128356722047293
2023-09-30,2.1254753330716336
2023-10-01,2.066022787315906
2023-10-02,2.1140987121280403
2023-10-03,2.118456585616297
2023-10-04,2.1161922540930904
2023-10-05,2.1423405960861346
2023-10-06,2.113691715819621
2023-10-07,2.119118340775634
2023-10-08,2.1203591007557625
2023-10-09,2.1549659189745753
2023-10-10,2.165830318310646
2023-10-11,2.1773934811759172
2023-10-12,2.19413692136561
2023-10-13,2.185364928704483
2023-10-14,2.1841204496844355
2023-10-15,2.1760972604867783
2023-10-16,2.1068123411402615
2023-10-17,2.1229167314511033
2023-10-18,2.1223923690138644
2023-10-19,2.1277285217994395
2023-10-20,2.1251611942871893
2023-10-21,2.1163482300619996
2023-10-22,2.099668143455579
2023-10-23,2.101035099931274
2023-10-24,2.084360380195446
2023-10-25,2.093745716316298
2023-10-26,2.0819331506190393
2023-10-27,2.0857818493760556
2023-10-28,2.0902543429114018
2023-10-29,2.0914601055823847
2023-10-30,2.085659192373842
2023-10-31,2.0865981749181515
2023-11-01,2.0890537272497567
2023-11-02,2.0968259875673296
2023-11-03,2.0816082696972886
2023-11-04,2.0796808437129544
2023-11-05,2.0625902147750277
2023-11-06,2.0666452560854527
2023-11-07,2.0670414324381996
2023-11-08,2.0720992005641112
2023-11-09,2.1782110376342745
2023-11-10,2.1725659986250285
2023-11-11,2.1603627632995845
2023-11-12,2.156027226319276
2023-11-13,2.1487327319432348
2023-11-14,2.1048698205482426
2023-11-15,2.1752364721661257
2023-11-16,2.1091320111663787
2023-11-17,2.116751026635061
2023-11-18,2.1166043677405133
2023-11-19,2.148864826674874
2023-11-20,2.154145992184299
2023-11-21,2.09092727333899
2023-11-22,2.169038318752534
2023-11-23,2.166642053891612
2023-11-24,2.1810233612504257
2023-11-25,2.1830511963232713
2023-11-26,2.173787548511572
2023-11-27,2.1584277717604223
2023-11-28,2.172767319337714
2023-11-29,2.1659630443167797
2023-11-30,2.1731005284806373
2023-12-01,2.1973084469358066
2023-12-02,2.2350814890549158
2023-12-03,2.2516222393611565
2023-12-04,2.293690803766072
2023-12-05,2.3363174379707417
2023-12-06,2.31010666170669
2023-12-07,2.3503984692458815
2023-12-08,2.361853042037077
2023-12-09,2.3497808819411907
2023-12-10,2.3550973852881016
2023-12-11,2.2783835256255687
2023-12-12,2.2730494228010967
2023-12-13,2.3100677335576623
2023-12-14,2.3324240897217976
2023-12-15,2.284568181521661
2023-12-16,2.2863421304786815
2023-12-17,2.268221726736132
2023-12-18,2.2884475747686333
2023-12-19,2.2741724499891247
2023-12-20,2.295983685612393
2023-12-21,2.307112502195227
2023-12-22,2.3285544947517143
2023-12-23,2.3215937510325517
2023-12-24,2.3029063078859937
2023-12-25,2.311374946072978
2023-12-26,2.28945766737407
2023-12-27,2.335137304272446
2023-12-28,2.3170390416582487
2023-12-29,2.3006236494600545
2023-12-30,2.2996787999702937
2023-12-31,2.298994771996073
